Date,DY,RER,GER,INF,CPI,MP,UM,OP,BITCOIN,IR1TY,IR1US,RIR1TY,RIR1US,RIR1
00:00:00,,,,0.064880113,0.0000641386533855564,,,3.35,,,,,,
00:00:00,,,,0.067510549,0.0000644784608207117,,,3.35,,,,,,
00:00:00,,,,0.068917018,0.0000645634126795005,,,3.35,,,,,,
00:00:00,,,,0.06802244,0.0000646908404676837,,,3.35,,,,,,
00:00:00,,,,0.066109951,0.0000650731238322334,,,3.35,,,,,,
00:00:00,,,,0.077244259,0.0000657527387025439,,,3.35,,,,,,
00:00:00,,,,0.076064201,0.0000654978831261775,,,3.31,,,,,,
00:00:00,,,,0.078417765,0.0000660075942789104,,,3.31,,,,,,
00:00:00,,,,0.091858038,0.0000666447332198265,,,3.31,,,,,,
00:00:00,,,,0.095205479,0.0000679190111016588,,,3.31,,,,,,
00:00:00,,,,0.101971448,0.0000688534815483357,,,3.31,,,,,,
00:00:00,,,,0.092790387,0.0000695330964186463,,,3.56,,,,,,
00:00:00,,,,0.09602649,0.0000702976631477456,,,3.56,,,,,,
00:00:00,,,,0.116600791,0.0000719967003235219,,,3.56,,,,,,
00:00:00,,,,0.125657895,0.0000726763151938325,,,3.56,,,,,,
00:00:00,,,,0.148391333,0.0000742904005108200,,,3.56,,,,,,
00:00:00,,,,0.152088773,0.0000749700153811305,,,3.56,,,,,,
00:00:00,,,,0.160206718,0.0000762867691923572,,,3.56,,,,,,
00:00:00,,,,0.228923476,0.0000804918862024036,,,3.56,,,,,,
00:00:00,,,,0.250965251,0.0000825732067427296,,,3.56,,,,,,
00:00:00,,,,0.253664755,0.0000835501531188010,,,3.56,,,,,,
00:00:00,,,,0.252657911,0.0000850792865769997,,,3.56,,,,,,
00:00:00,,,,0.247995065,0.0000859288051648879,,,3.56,,,,,,
00:00:00,,,,0.233964569,0.0000858013773767046,,,3.56,,,,,,
00:00:00,,,,0.219335347,0.0000857164255179158,,,3.56,,,,,,
00:00:00,,,,0.206489676,0.0000868632756115648,,,3.56,,,,,,
00:00:00,,,,0.196376388,0.0000869482274703536,,,3.56,,,,,,
00:00:00,,,,0.173813608,0.0000872030830467201,,,3.56,,,,,,
00:00:00,,,,0.178470255,0.0000883499331403691,,,3.56,,,,,,
00:00:00,,,,0.195991091,0.0000912382963391889,,,3.56,,,,,,
00:00:00,,,,0.147757256,0.0000923851464328379,,,3.56,,,,,,
00:00:00,,,,0.121399177,0.0000925975260798099,,,3.56,,,,,,
00:00:00,,,,0.119979664,0.0000935744724558813,,,3.56,,,,,,
00:00:00,,,,0.109835247,0.0000944239910437695,,,3.56,,,,,,
00:00:00,,,,0.104794859,0.0000949337021965024,,,3.56,,,,,,
00:00:00,,,,0.10990099,0.0000952310337022632,,,3.56,,,,,,
00:00:00,,,,0.122398414,0.0000962079800783346,,,3.56,,,,,,
00:00:00,,,,0.112958435,0.0000966752153016731,,,3.56,,,,,,
00:00:00,,,,0.11382511,0.0000968451190192508,,,3.56,,,,,,
00:00:00,,,,0.121773015,0.0000978220653953221,,,3.56,,,,,,
00:00:00,,,,0.125961538,0.0000994786266417041,,,3.56,,,,,,
00:00:00,,,,0.120577281,0.0001022395620523410,,,3.56,,,,,,
00:00:00,,,,0.109885057,0.0001025368935581010,,,3.56,,,,,,
00:00:00,,,,0.119724771,0.0001036837436517500,,,4.31,,,,,,
00:00:00,,,,0.158420336,0.0001083985718145300,,,4.31,,,,,,
00:00:00,,,,0.176338282,0.0001110745553663780,,,4.31,,,,,,
00:00:00,,,,0.182997763,0.0001123063573188150,,,4.31,,,,,,
00:00:00,,,,0.197591436,0.0001140478704239860,,,4.31,,,,,,
00:00:00,,,,0.196909492,0.0001151522445882410,,,10.11,,,,,,
00:00:00,,,,0.190246046,0.0001150672927294520,,,10.11,,,,,,
00:00:00,,,,0.254385965,0.0001214811580680080,,,10.11,,,,,,
00:00:00,,,,0.26096396,0.0001233500989613610,,,10.11,,,,,,
00:00:00,,,,0.26088813,0.0001254314195016880,,,10.11,,,,,,
00:00:00,,,,0.247195679,0.0001275127400420130,,,10.11,,,,,,
00:00:00,,,,0.258906379,0.0001290843494296070,,,10.11,,,,,,
00:00:00,,,,0.255223269,0.0001301462476644670,,,10.11,,,,,,
00:00:00,,,,0.230799373,0.0001334168942278360,,,10.11,,,,,,
00:00:00,,,,0.225621415,0.0001361353537090780,,,11.16,,,,,,
00:00:00,,,,0.23827534,0.0001390661928372930,,,11.16,,,,,,
00:00:00,,,,0.246182495,0.0001421244597536900,,,11.16,,,,,,
00:00:00,,,,0.245296938,0.0001433987376355220,,,11.16,,,,,,
00:00:00,,,,0.301956441,0.0001498126029740780,,,11.16,,,,,,
00:00:00,,,,0.258741259,0.0001529133458198700,,,11.16,,,,,,
00:00:00,,,,0.244490358,0.0001535080088313910,,,11.16,,,,,,
00:00:00,,,,0.232983407,0.0001546548589250400,,,11.16,,,,,,
00:00:00,,,,0.210859427,0.0001544000033486740,,,11.16,,,,,,
00:00:00,,,,0.197433366,0.0001545699070662520,,,11.16,,,,,,
00:00:00,,,,0.191579634,0.0001550796182189840,,,11.16,,,,,,
00:00:00,,,,0.17733206,0.0001570759869005220,,,11.16,,,,,,
00:00:00,,,,0.181279251,0.0001608138686872300,,,11.16,,,,,,
00:00:00,,,,0.171960904,0.0001629801410863440,,,11.16,,,,,,
00:00:00,,,,0.162582188,0.0001652313653442480,,,11.16,,,,,,
00:00:00,,,,0.193424171,0.0001711355195300710,,,11.16,,,,,,
00:00:00,,,,0.167564502,0.0001749158772461730,,,12.03,,,,,,
00:00:00,,,,0.156111111,0.0001767848181395270,,,12.1,,,,,,
00:00:00,,,,0.153569452,0.0001770821496452880,,,12.17,,,,,,
00:00:00,,,,0.149958803,0.0001778467163743870,,,12.17,,,,,,
00:00:00,,,,0.16698762,0.0001801828924910800,,,12.17,,,,,,
00:00:00,,,,0.174773289,0.0001815845981610950,,,12.17,,,,,,
00:00:00,,,,0.187345933,0.0001841331539247600,,,12.17,,,,,,
00:00:00,,,,0.193347756,0.0001874462764175240,,,13.9,,,,,,
00:00:00,,,,0.18330692,0.0001902921636869490,,,13.9,,,,,,
00:00:00,,,,0.173833724,0.0001913115859924150,,,13.9,,,,,,
00:00:00,,,,0.193316195,0.0001971732642488430,,,13.9,,,,,,
00:00:00,,,,0.159841152,0.0001984900180600700,,,13.9,,,,,,
00:00:00,,,,0.152501214,0.0002015907609058610,,,13.9,,,,,,
00:00:00,,,,0.168909178,0.0002066453965037960,,,13.9,,,,,,
00:00:00,,,,0.181098585,0.0002091514763380660,,,13.9,,,,,,
00:00:00,,,,0.194888942,0.0002125070747602240,,,13.9,,,,,,
00:00:00,,,,0.18717586,0.0002139087804302400,,,13.9,,,,,,
00:00:00,,,,0.220584795,0.0002216393995800220,,,13.9,,,,,,
00:00:00,,,,0.226989619,0.0002259294684488570,,,14.85,,,,,,
00:00:00,,,,0.293451167,0.0002424526049832820,,,14.85,,,,,,
00:00:00,,,,0.366071429,0.0002599526878937780,,,14.85,,,,,,
00:00:00,,,,0.44937833,0.0002772828670866970,,,14.85,,,,,,
00:00:00,,,,0.467686342,0.0002893885069641030,,,14.85,,,,,,
00:00:00,,,,0.516156645,0.0003009419597593820,,,14.85,,,,,,
00:00:00,,,,0.572271386,0.0003169553851410740,,,14.85,,,,,,
00:00:00,,,,0.562384378,0.0003228595393268970,,,14.85,,,,,,
00:00:00,,,,0.589764419,0.0003325015752994280,,,14.85,,,,,,
00:00:00,,,,0.645612632,0.0003497043267041630,,,14.85,,,,,,
00:00:00,,,,0.701945989,0.0003640611908394730,,,14.85,,,,,,
00:00:00,,,,0.704867765,0.0003778658678926560,,,14.85,,,,,,
00:00:00,,,,0.716676067,0.0003878477113003410,,,14.85,,,,,,
00:00:00,,,,0.671513665,0.0004052628423520490,,,14.85,,,,,,
00:00:00,,,,0.634313725,0.0004248442458028710,,,14.85,,,,,,
00:00:00,,,,0.580422794,0.0004382241635621100,,,14.85,,,,,,
00:00:00,,,,0.539703508,0.0004455724993473420,,,14.85,,,,,,
00:00:00,,,,0.5151729,0.0004559791020489720,,,14.85,,,,,,
00:00:00,,,,0.470785312,0.0004661733251036300,,,15.85,,,,,,
00:00:00,,,,0.47993685,0.0004778117297576980,,,15.85,,,,,,
00:00:00,,,,0.510219724,0.0005021504373006940,,,15.85,,,,,,
00:00:00,,,,0.499210494,0.0005242803965151810,,,18.1,,,,,,
00:00:00,,,,0.595963131,0.0005810282381861100,,,19.1,,,,,,
00:00:00,,,,0.670863309,0.0006313622145184840,,,21.75,,,,,,
00:00:00,,,,0.695871208,0.0006577397666724110,,,26.5,,,,,,
00:00:00,,,,0.69835447,0.0006882799599069910,,,28.5,,,,,,
00:00:00,,,,0.732053589,0.0007358530008287280,,,29,,,,,,
00:00:00,-1.054402893,,,0.766211108,0.0007739963854249070,,,31,,,,,,
00:00:00,-1.081698591,,,0.818398475,0.0008102283531983370,,,32.5,,,,,,
00:00:00,-1.112002985,,,0.961900326,0.0008945855489756320,,,32.5,,,,,,
00:00:00,-1.118987074,,,1.174031891,0.0010134756753505800,,,37,,,,,,
00:00:00,-1.079140326,,,1.201084541,0.0010517040118055500,,,38,,,,,,
00:00:00,-1.019744377,,,1.174420572,0.0010918862410126600,,,39.5,,,,,,
00:00:00,-0.980653507,,,1.145426558,0.0011248050862933200,,,39.5,,,,,,
00:00:00,-0.991529267,,,1.01352438,0.0011699145233101900,,,39.5,,,,,,
00:00:00,-0.903977663,,,0.89242465,0.0011948054179353100,,,39.5,,,,,,
00:00:00,-0.949063197,,,0.881756539,0.0012377061066236600,,,38,,,,,,
00:00:00,-0.927953149,,,0.86688472,0.0012849393401102400,,,36,,,,,,
00:00:00,-0.968364192,,,0.826772108,0.0013442357375448400,,,36,,,,,,
00:00:00,-0.957070425,,,0.762265393,0.0013639870447132400,,,36,,,,,,
00:00:00,-0.987821037,,,0.750720839,0.0014184836621262600,,,37,,,,,,
00:00:00,-0.929204074,,,0.642134751,0.0014690300181056100,,,38,,,,,,
00:00:00,-0.864180983,,,0.470243085,0.0014900556031558400,,,38,,,,,,
00:00:00,-0.881861672,,,0.426373183,0.0015001223984223200,,,38,,,,,,
00:00:00,-0.889532193,,,0.381584066,0.0015085326324424100,,,38,,,,,,
00:00:00,-0.896281206,,,0.378120162,0.0015501165673195300,,,38,,,,,,
00:00:00,-0.879775911,,,0.377192027,0.0016111969537886900,,,36,,,,,,
00:00:00,-0.914093379,,,0.366987806,0.0016332844370737800,,,36,,,,,,
00:00:00,-0.910211433,,,0.330553554,0.0016468342585506000,,,36,,,,,,
00:00:00,-0.89725401,,,0.342765528,0.0017253722520008600,,,36,,,,,,
00:00:00,-0.991694657,,,0.313805416,0.0017660641923607100,,,35,,,,,,
00:00:00,-0.854371518,,,0.322247135,0.0018035279620865700,,,36,,,,,,
00:00:00,-0.816596068,,,0.285970954,0.0018241287878428600,,,35,,,,,,
00:00:00,-0.793041919,,,0.301575828,0.0019120539616892900,,,33.85,,,,,,
00:00:00,-0.842823037,,,0.312428353,0.0019555912203937000,,,31.56,,,,,,
00:00:00,-0.817486696,,,0.333326459,0.0020001528851852800,,,28.48,,,,,,
00:00:00,-0.820003471,,,0.338455897,0.0020191043977977900,,,33.45,,,,,,
00:00:00,-0.803402809,,,0.306515185,0.0020252508343207700,,,35.93,,,,,,
00:00:00,-0.817921056,,,0.278284715,0.0020595684382407200,,,35.07,,,,,,
00:00:00,-0.783421684,,,0.273855745,0.0020805687630275600,,,34.16,,,,,,
00:00:00,-0.644907363,,,0.280480971,0.0021087399304245400,,,33.95,,,,,,
00:00:00,-0.749086709,,,0.260192934,0.0021743019200029500,,,35.63,,,,,,
00:00:00,-0.722606296,,,0.264509682,0.0022332052700148100,,,35.68,,,,,,
00:00:00,-0.673057236,,,0.266926727,0.0022849377774165300,,,34.15,,,,,,
00:00:00,-0.687841398,,,0.296422417,0.0023648414522152300,,,31.72,,,,,,
00:00:00,-0.745966721,,,0.288775784,0.0024642088426700100,,,31.19,,,,,,
00:00:00,-0.75598441,,,0.291775799,0.0025261854109433600,,,28.95,,,,,,
00:00:00,-0.753881716,,,0.288604353,0.0025774057153015000,,,28.82,,,,,,
00:00:00,-0.782706762,,,0.295281583,0.0026153087405265200,,,30.61,,,,,,
00:00:00,-0.807190915,,,0.299949418,0.0026327236440082900,,,30,,,,,,
00:00:00,-0.740074319,,,0.295200199,0.0026675534509718200,,,31,,,,,,
00:00:00,-0.805778753,,,0.295420975,0.0026952124153252100,,,31.66,,,,,,
00:00:00,-0.684538383,,,0.307991256,0.0027582133896857200,,,31.91,,,,,,
00:00:00,-0.808358377,,,0.309540636,0.0028473367192688800,,,31.11,,,,,,
00:00:00,-0.822166546,,,0.34266055,0.0029984366171253900,,,30.41,,,,,,
00:00:00,-0.807607387,,,0.361353957,0.0031106090836697100,,,29.84,,,,,,
00:00:00,-0.788986944,,,0.370586961,0.0032412208597829600,,,29.24,,,,,,
00:00:00,-0.76987477,,,0.360631885,0.0033528811232837000,,,29.69,,,,,,
00:00:00,-0.792321604,,,0.347526358,0.0034041014276418400,,,30.145,,,,,,
00:00:00,-0.819124339,,,0.361685215,0.0035096152546196100,,,30.761,,,,,,
00:00:00,-0.808177081,,,0.425577752,0.0037283259542288600,,,30.618,,,,,,
00:00:00,-0.800263477,,,0.484824903,0.0039091336286130800,,,30.52,,,,,,
00:00:00,-0.858970416,,,0.560483871,0.0041626741351858600,,,29.967,,,,,,
00:00:00,-0.776317235,,,0.558722919,0.0042010893634544700,,,28.752,,,,,,
00:00:00,-0.679208354,,,0.561002786,0.0043055787843450700,,,29.25,,,,,,
00:00:00,-0.831603703,,,0.543443065,0.0043947021139282300,,,29.311,,,,,,
00:00:00,-0.730956502,,,0.529552443,0.0045862660522276600,,,28.765,,,,,,
00:00:00,-0.743809264,,,0.531203688,0.0047629761022632400,,,28.098,,,,,,
00:00:00,-0.748876529,,,0.496839444,0.0048515872288028200,,,25.429,,,,,,
00:00:00,-0.74063619,,,0.527650474,0.0051220304358137900,,,25.641,,,,,,
00:00:00,-0.77298354,,,0.554318387,0.0052910574401956400,,,27.271,,,,,,
00:00:00,-0.830216589,,,0.579684764,0.0055440857437248400,,,28.238,,,,,,
00:00:00,-0.78604328,,,0.499381783,0.0055901840176471700,,,28.805,,,,,,
00:00:00,-0.738845368,,,0.464360587,0.0057243812150654900,,,27.623,,,,,,
00:00:00,-0.797340634,,,0.364710225,0.0056808439563610700,,,27.143,,,,,,
00:00:00,-0.773302071,,,0.371494757,0.0057617720372469300,,,27.329,,,,,,
00:00:00,-0.797077714,,,0.372828932,0.0059108231229291100,,,27.755,,,,,,
00:00:00,-0.795635439,,,0.408857809,0.0061915103908117000,,,28.289,,,,,,
00:00:00,-0.754889673,,,0.434554389,0.0065792480948028100,,,29.538,,,,,,
00:00:00,-0.666894953,,,0.445424239,0.0068845211087773100,,,30.813,,,,,,
00:00:00,-0.764134431,,,0.441934122,0.0069956691692344700,,,27.228,,,,,,
00:00:00,-0.830601165,,,0.4095,0.0072195018992795300,,,22.945,,,,,,
00:00:00,-0.827768224,,,0.388189739,0.0073449916449569700,,,15.442,,,,,,
00:00:00,-0.776513859,,,0.342110126,0.0074407736141066900,,,12.618,,,,,,
00:00:00,-0.787093172,,,0.336082096,0.0074689447815036600,,,12.847,,,,,,
00:00:00,-0.783931717,,,0.329545455,0.0076108250245757000,,,15.444,,,,,,
00:00:00,-0.766541904,,,0.371742855,0.0077926571050471000,,,13.469,,,,,,
00:00:00,-0.741408072,,,0.377811361,0.0079386349724677900,,,11.575,,,,,,
00:00:00,-0.809520152,,,0.354766031,0.0080077823833512700,,,15.092,,,,,,
00:00:00,-0.735150204,,,0.323130377,0.0081921754790405700,,,14.913,,,,,,
00:00:00,-0.752029319,,,0.336551187,0.0087935018522051100,,,14.852,,,,,,
00:00:00,-0.764657278,,,0.306376014,0.0089937732422454300,,,15.207,,,,,,
00:00:00,-0.786737401,,,0.306706692,0.0091412877187968600,,,16.076,,,,,,
00:00:00,-0.761745955,,,0.303440937,0.0094101943166770900,,,18.656,,,,,,
00:00:00,-0.738092441,,,0.315760112,0.0096642470262934500,,,17.726,,,,,,
00:00:00,-0.76719316,,,0.347353204,0.0100253501720183000,,,18.305,,,,,,
00:00:00,-0.719395252,,,0.37038815,0.0102353534198867000,,,18.643,,,,,,
00:00:00,-0.734315359,,,0.4111986,0.0107403856208579000,,,19.415,,,,,,
00:00:00,-0.599406263,,,0.376823978,0.0107291171538991000,,,20.034,,,,,,
00:00:00,-0.760431079,,,0.377379186,0.0109345105743753000,,,21.355,,,,,,
00:00:00,-0.799191472,,,0.388895996,0.0111219768883261000,,,20.274,,,,,,
00:00:00,-0.710918123,,,0.397336501,0.0114472258210002000,,,19.526,,,,,,
00:00:00,-0.736038766,,,0.364282386,0.0119968196867630000,,,19.848,,,,,,
00:00:00,-0.715776513,,,0.417221937,0.0127461727395226000,,,18.92,,,,,,
00:00:00,-0.721349743,,,0.550512691,0.0141736826219839000,,,17.241,,,,,,
00:00:00,-0.688989255,,,0.59634226,0.0150218908621547000,,,17.16,,,,,,
00:00:00,-0.671374618,,,0.612443619,0.0155830534518329000,,,16.765,,,,,,
00:00:00,-0.705477252,,,0.640479408,0.0164463805128762000,,,16.217,,,,,,
00:00:00,-0.689756633,,,0.706983695,0.0174715813978652000,,,17.875,,,,,,
00:00:00,-0.753228071,,,0.682985228,0.0180759103405956000,,,17.438,,,,,,
00:00:00,-0.711291648,,,0.699840155,0.0182377841645412000,,,16.53,,,,,,
00:00:00,-0.777131611,,,0.694557513,0.0185291570476434000,,,15.498,,,,,,
00:00:00,-0.773496155,,,0.705776982,0.0189716121664281000,,,15.524,,,,,,
00:00:00,-0.796016771,,,0.755354324,0.0200939373457845000,,,14.467,,,,,,
00:00:00,-0.79577542,,,0.768490573,0.0212162625251409000,,,13.798,,,,,,
00:00:00,-0.81196209,,,0.75341883,0.0223493792927603000,,,13.977,,,,,,
00:00:00,-0.767243744,,,0.61565282,0.0228997502941754000,,,16.266,,,,,,
00:00:00,-0.798057757,,,0.625,0.0244105726510013000,,,17.983,,,,,,
00:00:00,-0.752193157,,,0.641274238,0.0255760641834099000,,,17.826,,,,,,
00:00:00,-0.745072485,,,0.602362205,0.0263530585383489000,,,19.445,,,,,,
00:00:00,-0.758985658,,,0.602223595,0.0279933799543313000,,,21.04,,,,,,
00:00:00,-0.755541657,,,0.595820896,0.0288459154271117000,,,20.032,,,,,,
00:00:00,-0.596479679,,,0.614792899,0.0294502443698420000,,,20.005,,,,,,
00:00:00,-0.72059486,,,0.637740245,0.0303459461956745000,,,19.644,,,,,,
00:00:00,-0.694614768,,,0.655858931,0.0314143134337157000,,,18.522,,,,,,
00:00:00,-0.717057559,,,0.651450054,0.0331841339088546000,,,19.594,,,,,,
00:00:00,-0.762791103,,,0.660732452,0.0352345356788326000,,,20.091,,,,,,
00:00:00,-0.719473394,,,0.645098986,0.0367669412121846000,,,19.82,,,,,,
00:00:00,-0.717577052,,,0.642789821,0.0376194766849649000,,,21.088,,,,,,
00:00:00,-0.694772832,,,0.600353669,0.0390655495122126000,,,22.641,,,,,,
00:00:00,-0.68719131,,,0.594936709,0.0407922036342993000,,,22.108,,,,,,
00:00:00,-0.641206007,,,0.628173628,0.0429073549338556000,,,20.418,,,,,,
00:00:00,-0.68547864,,,0.634541249,0.0457563342352987000,,,18.582,,,,,,
00:00:00,-0.668952505,,,0.63486719,0.0471592407094942000,,,18.237,,,,,,
00:00:00,-0.62663779,,,0.625503848,0.0478714855348550000,,,16.871,,,,,,
00:00:00,-0.839382105,,,0.562944523,0.0474290304160702000,,,18.638,,,,,,
00:00:00,-0.749117652,,,0.548265201,0.0486376883015310000,,,27.174,,,,,,
00:00:00,-0.655506995,,,0.593170732,0.0528679909006435000,,,33.687,,,,,,
00:00:00,-0.635715489,,,0.603062787,0.0564831729687626000,,,35.922,,,,,,
00:00:00,-0.62201523,,,0.613149398,0.0593105690936797000,,,32.3,,,,,,
00:00:00,-0.663505915,,,0.604130809,0.0603465615669317000,,,27.337,,,,,,
00:00:00,-0.780909808,,,0.619889503,0.0632818735744792000,,,24.959,,,,,,
00:00:00,-0.664097012,,,0.635449735,0.0667135986421266000,,,20.523,,,,,,
00:00:00,-0.612506623,,,0.622736419,0.0696273274731480000,,,19.86,,,,,,
00:00:00,-0.675926995,,,0.621462264,0.0741921693084148000,,,20.823,,,,,,
00:00:00,-0.523952031,,,0.625629291,0.0766634430206514000,,,21.24,,,,,,
00:00:00,-0.686985437,,,0.648782687,0.0789296765558903000,,,20.195,,,,,,
00:00:00,-0.621646683,,,0.686006826,0.0799656690291423000,,,21.42,,,,,,
00:00:00,-0.62522785,,,0.709562902,0.0831491875667398000,,,21.688,,,,,,
00:00:00,-0.646021994,,,0.668503776,0.0882104424621065000,,,21.857,,,,,,
00:00:00,-0.641682459,,,0.664692396,0.0940271085358862000,,,23.228,,,,,,
00:00:00,-0.632590604,,,0.668486172,0.0989588643720965000,,,22.465,,,,,,
00:00:00,-0.6474104,,,0.711373391,0.1032754996773130000,,,19.517,,,,,,
00:00:00,-0.631101779,,,0.784959072,0.1129555543492620000,,,18.82,,,,,,
00:00:00,-0.622252983,,,0.778388871,0.1186427213638850000,,,18.995,,,,,,
00:00:00,-0.628847754,,,0.786887787,0.1244162210846130000,,,18.916,,,,,,
00:00:00,-0.664925536,,,0.739927273,0.1290889788025100000,,,20.243,,,,,,
00:00:00,-0.616198071,,,0.698620495,0.1302220955701300000,,,20.94,,,,,,
00:00:00,-0.66605101,,,0.657916325,0.1308587992776490000,,,22.375,,,,,,
00:00:00,-0.628872887,,,0.65802969,0.1325854533997360000,,,21.759,,,,,,
00:00:00,-0.648632511,,,0.655418559,0.1376467082951030000,,,21.35,,,,,,
00:00:00,-0.639693564,,,0.676657695,0.1478987171449930000,,,21.902,,,,,,
00:00:00,-0.644186222,,,0.69183978,0.1590788025855040000,,,21.688,,,,,,
00:00:00,-0.672058713,,,0.685932388,0.1668379545466320000,,,20.342,,,,,,
00:00:00,-0.672710803,,,0.659665622,0.1714027963818980000,,,19.407,,,,,,
00:00:00,-0.655651815,,,0.597687972,0.1804677305228540000,,,19.075,,63.19,3.02,62.59231203,2.987414917,59.60489711
00:00:00,-0.607674662,,,0.581589958,0.1876441367177770000,,,20.053,,59.29,3.03,58.70841004,2.997532468,55.71087757
00:00:00,-0.664763241,,,0.580102351,0.1965903633878390000,,,20.347,,64.99,3.07,64.40989765,3.039131371,61.37076628
00:00:00,-0.558563275,,,0.589700719,0.2052128424100090000,,,20.27,,62.44,2.96,61.85029928,2.927741935,58.92255735
00:00:00,-0.612773427,,,0.650285904,0.2149036886702210000,,,19.94,,61.77,3,61.1197141,2.967788117,58.15192598
00:00:00,-0.61377977,,,0.672356919,0.2188426183862320000,,,19.07,,58.82,3.04,58.14764308,3.010042796,55.13760028
00:00:00,-0.56018127,,,0.731157415,0.2295262907666430000,,,17.866,,59.18,3.06,58.44884259,3.032241993,55.41660059
00:00:00,-0.650141343,,,0.712034496,0.2356559129000510000,,,18.009,,57.79,3.03,57.0779655,3.002320795,54.07564471
00:00:00,-0.598535288,,,0.68245166,0.2488324421692260000,,,17.514,,57.19,3.09,56.50754834,3.063106865,53.44444148
00:00:00,-0.629465435,,,0.672003256,0.2659802759192000000,,,18.145,,57.39,2.99,56.71799674,2.962496474,53.75550027
00:00:00,-0.653210051,,,0.6961837,0.2829878190217540000,,,16.699,,74.49,3.02,73.7938163,2.993239437,70.80057686
00:00:00,-0.56867619,,,0.710759932,0.2932290362833810000,,,14.51,,70.38,2.96,69.66924007,2.932515856,66.73672421
00:00:00,-0.59803893,,,0.696465945,0.3061573590225060000,,,15,,79.71,3.05,79.01353405,3.024754558,75.9887795
00:00:00,-0.672946604,,,0.737827745,0.3260931870518780000,,,14.78,,177.22,3.25,176.4821723,3.224842767,173.2573295
00:00:00,-0.711909032,,,0.755323526,0.3450796899369950000,,,14.66,,284.1,3.34,283.3446765,3.314930362,280.0297461
00:00:00,-0.767978794,,,1.074784025,0.4257723271987410000,,,16.38,,286.75,3.56,285.675216,3.536388889,282.1388271
00:00:00,-0.904435028,,,1.144669365,0.4608973575362060000,,,17.88,,252.16,4.01,251.0153306,3.987115118,247.0282155
00:00:00,-0.839375747,,,1.14727803,0.4699159464066370000,,,19.07,,54.93,4.25,53.78272197,4.225069252,49.55765272
00:00:00,-0.861159315,,,1.111437799,0.4846304861426020000,,,19.65,,38.86,4.26,37.7485622,4.232299169,33.51626303
00:00:00,-0.754000667,,,1.114929749,0.4983957007343120000,,,18.38,,90.32,4.47,89.20507025,4.440994475,84.76407578
00:00:00,-0.77099789,,,1.126928319,0.5292487679226260000,,,17.46,,69.84,4.73,68.71307168,4.700365265,64.01270642
00:00:00,-0.79279318,,,1.134355393,0.5676964362649870000,,,17.71,,73,4.76,71.86564461,4.733919012,67.1317256
00:00:00,-0.772224123,,,1.133557528,0.6037707917467090000,,,18.1,,66.19,5.29,65.05644247,5.263251029,59.79319144
00:00:00,-0.809540804,,,1.20310979,0.6460157606660940000,,,17.16,,99.09,5.45,97.88689021,5.423251029,92.46363918
00:00:00,-0.780101799,,,1.258914729,0.6915833675903730000,,,17.99,,94.15,5.53,92.89108527,5.501956224,87.38912905
00:00:00,-0.759249238,,,1.224163028,0.7252844102114560000,,,18.53,,62.38,5.92,61.15583697,5.891370143,55.26446683
00:00:00,-0.792351688,,,1.196698762,0.7580361276882820000,,,18.55,,65.84,5.98,64.64330124,5.951467391,58.69183385
00:00:00,-0.670488508,,,0.884057971,0.8021797468961780000,,,19.87,,65.46,6.05,64.57594203,6.019470828,58.5564712
00:00:00,-0.807052239,,,0.798146241,0.8287608509353410000,,,19.74,,75.45,6.01,74.65185376,5.978135593,68.67371817
00:00:00,-0.65769761,,,0.809090909,0.8501206666810970000,,,18.42,,58.13,6,57.32090909,5.969594595,51.3513145
00:00:00,-0.70024378,,,0.808031342,0.8762271081481330000,,,17.3,,47.77,5.85,46.96196866,5.822371968,41.13959669
00:00:00,-0.683556071,,,0.834285714,0.9142001139183660000,,,18.03,,60.16,5.74,59.32571429,5.713825503,53.61188878
00:00:00,-0.77100144,,,0.860089686,0.9844501745932980000,,,18.23,,63.44,5.8,62.57991031,5.774564926,56.80534539
00:00:00,-0.831191825,,,0.843645485,1.0466309715420500000,,,17.44,,69.53,5.76,68.68635452,5.731906355,62.95444816
00:00:00,-0.705573487,,,0.815251572,1.0959958790433600000,,,17.99,,70.96,5.8,70.14474843,5.773947896,64.37080053
00:00:00,-0.688795253,,,0.760470242,1.1372915228184900000,,,19.04,,107.17,5.6,106.4095298,5.574615898,100.8349139
00:00:00,-0.648583159,,,0.781056966,1.2317493746719400000,,,18.88,,95.36,5.56,94.57894303,5.532721224,89.04622181
00:00:00,-0.769759939,,,0.77486911,1.2872848956109100000,,,19.07,,90.96,5.22,90.18513089,5.193492379,84.99163851
00:00:00,-0.700368742,,,0.793362555,1.3594336065743500000,,,21.36,,93.34,5.31,92.54663745,5.281598415,87.26503903
00:00:00,-0.724978638,,,0.808284024,1.4505688204229100000,,,23.57,,78.42,5.22,77.61171598,5.191033575,72.4206824
00:00:00,-0.714642317,,,0.82932417,1.5160722553765600000,,,21.25,,68.66,5.24,67.83067583,5.21109067,62.61958516
00:00:00,-0.713021486,,,0.828587381,1.5545199237189200000,,,20.45,,68,5.27,67.17141262,5.242459016,61.9289536
00:00:00,-0.719280726,,,0.812026002,1.5877463037678800000,,,21.32,,74.64,5.4,73.827974,5.370491803,68.45748219
00:00:00,-0.740107154,,,0.826583593,1.6698629287460100000,,,21.96,,70.22,5.22,69.39341641,5.191223022,64.20219339
00:00:00,-0.800458368,,,0.793153327,1.7652701057437200000,,,23.99,,71.25,5.3,70.45684667,5.26997389,65.18687278
00:00:00,-0.707303101,,,0.795918367,1.8796637856265500000,,,24.9,,71.84,5.24,71.04408163,5.210071568,65.83401006
00:00:00,-0.702241342,,,0.803811174,1.9769696129127700000,,,23.71,,77.54,5.31,76.73618883,5.277447917,71.45874091
00:00:00,-0.737945785,,,0.797579299,2.0443716981549300000,,,25.39,,74.58,5.29,73.7824207,5.256775244,68.52564546
00:00:00,-0.696839546,,,0.757225434,2.1644613289033000000,,,25.17,,66.51,5.25,65.75277457,5.219559585,60.53321498
00:00:00,-0.77849737,,,0.776548673,2.2869242725123000000,,,22.21,,68.49,5.19,67.71345133,5.159657844,62.55379348
00:00:00,-0.674381163,,,0.773044693,2.4103365412655600000,,,20.99,,65.81,5.39,65.03695531,5.362382787,59.67457252
00:00:00,-0.714602863,,,0.771596859,2.5698231655005400000,,,19.72,,72.85,5.51,72.07840314,5.485047985,66.59335516
00:00:00,-0.672935435,,,0.774577332,2.6903874588210300000,,,20.83,,71.5,5.5,70.72542267,5.477650064,65.2477726
00:00:00,-0.686079917,,,0.780458015,2.7677574580778800000,,,19.17,,72.87,5.56,72.08954198,5.537026165,66.55251582
00:00:00,-0.681159958,,,0.852316891,2.9410092969045700000,,,19.63,,76.01,5.52,75.15768311,5.497707006,69.6599761
00:00:00,-0.684362909,,,0.870380898,3.1232797246016900000,,,19.93,,79.18,5.54,78.3096191,5.517749523,72.79186958
00:00:00,-0.671310311,,,0.898628664,3.3515924217952100000,,,19.79,,77.77,5.54,76.87137134,5.518453739,71.3529176
00:00:00,-0.687808023,,,0.931565657,3.6306940142064300000,,,21.26,,76.29,5.5,75.35843434,5.479153506,69.87928084
00:00:00,-0.725698649,,,0.958223289,3.8713479382752800000,,,20.17,,79.97,5.52,79.01177671,5.501715006,73.5100617
00:00:00,-0.674092072,,,0.990944973,4.0702315559968800000,,,18.32,,81.28,5.5,80.28905503,5.48297604,74.80607899
00:00:00,-0.752263969,,,1.01622807,4.3640476881440600000,,,16.71,,79.72,5.56,78.70377193,5.544286612,73.15948532
00:00:00,-0.708755809,,,0.99252802,4.5567606924279900000,,,16.06,,83.45,5.51,82.45747198,5.495588972,76.96188301
00:00:00,-0.685359097,,,0.971839307,4.7527963347168200000,,,15.02,,81.7,5.49,80.72816069,5.47625,75.25191069
00:00:00,-0.785660194,,,0.935722202,4.9744637559005600000,,,15.44,,77.67,5.45,76.7342778,5.435642946,71.29863485
00:00:00,-0.726325539,,,0.913726182,5.1486649198715000000,,,14.86,,75.76,5.49,74.84627382,5.47313554,69.37313828
00:00:00,-0.75288756,,,0.905505059,5.2739758389132700000,,,13.66,,69.06,5.56,68.15449494,5.543156581,62.61133836
00:00:00,-0.736591677,,,0.853453841,5.4510249783169900000,,,14.08,,56.76,5.54,55.90654616,5.52317757,50.38336859
00:00:00,-0.760165122,,,0.814285714,5.6665217860630600000,,,13.36,,83.24,5.55,82.42571429,5.533830846,76.89188344
00:00:00,-0.733170014,,,0.804277015,6.0472011689096500000,,,14.95,,82,5.51,81.19572299,5.495111663,75.70061132
00:00:00,-0.777067427,,,0.76637469,6.4131660120202700000,,,14.39,,80.86,5.07,80.09362531,5.055148515,75.0384768
00:00:00,-0.810994199,,,0.72768514,6.6884703038544600000,,,12.85,,83.81,4.83,83.08231486,4.814520124,78.26779474
00:00:00,-0.844712992,,,0.697259475,6.9082390747496900000,,,11.28,,91.45,4.68,90.75274052,4.663880967,86.08885956
00:00:00,-0.878417303,0.033636636,,0.65901675,7.2400282126671000000,,,12.47,,83.86,4.63,83.20098325,4.613292079,78.58769117
00:00:00,-0.826407239,0.036805834,,0.639270833,7.4697648975770100000,,,12.01,,81.45,4.76,80.81072917,4.743940704,76.06678846
00:00:00,-0.865113255,0.040290292,,0.635374014,7.7725996185946200000,,,14.66,,82.16,4.81,81.52462599,4.792737361,76.73188862
00:00:00,-0.786175562,0.044202861,,0.638549618,8.1509056885805700000,,,17.34,,85.24,4.74,84.60145038,4.717230769,79.88421961
00:00:00,-0.826293178,0.0473836,,0.629667189,8.3906102875051700000,,,17.75,,85.94,4.74,85.31033281,4.719115479,80.59121733
00:00:00,-0.7970748,0.051086991,,0.642696427,8.6635412664787200000,,,17.89,,82.61,4.76,81.96730357,4.740368098,77.22693547
00:00:00,-0.81791308,0.054685347,,0.650034831,8.9943810792518800000,,,20.07,,71.85,4.99,71.19996517,4.968553922,66.23141125
00:00:00,-0.928836184,0.057971699,,0.654045904,9.3726871492378300000,,,21.26,,72.99,5.07,72.3359541,5.047356181,67.28859792
00:00:00,-0.865499401,0.06373411,,0.642700157,9.9337383094930200000,,,23.88,,71.14,5.22,70.49729984,5.193716381,65.30358346
00:00:00,-0.901362074,0.0696266,,0.646954334,10.5621915549904000000,,,22.64,,73.97,5.2,73.32304567,5.174390244,68.14865542
00:00:00,-0.866913719,0.077016179,,0.645518416,11.0060010599300000000,,,24.97,,75.63,5.42,74.98448158,5.393780488,69.5907011
00:00:00,-0.82666273,0.086767213,,0.687920847,11.6605607468944000000,,,26.08,,90.5,5.3,89.81207915,5.273154362,84.53892479
00:00:00,-0.87813269,0.093823598,1.789327619,0.688782535,12.2268331954430000000,,,27.18,,33.38,5.45,32.69121747,5.422611077,27.26860639
00:00:00,-0.850350513,0.100018634,1.717466851,0.697464574,12.6796612892530000000,,,29.35,,49.83,5.73,49.13253543,5.697781155,43.43475427
00:00:00,-0.878680014,0.10517971,1.610547227,0.678961832,13.0498980955128000000,,,29.89,,39.19,5.85,38.51103817,5.812424242,32.69861393
00:00:00,-0.842082237,0.110353091,1.496514676,0.638248311,13.3532074791025000000,,,25.74,,34.9,6.02,34.26175169,5.989314079,28.27243761
00:00:00,-0.831224593,0.116778113,1.464525951,0.62674662,13.6493969241103000000,,,28.78,,42.38,6.27,41.75325338,6.23811071,35.51514267
00:00:00,-0.80758926,0.11676943,1.28569795,0.586182336,13.7419561256753000000,,,31.83,,42.12,6.53,41.53381766,6.492695548,35.04112212
00:00:00,-0.804162104,0.121306672,1.218266464,0.562140482,14.0504867975584000000,,,29.77,,25.36,6.54,24.79785952,6.503407319,18.2944522
00:00:00,-0.770102021,0.127477523,1.198961319,0.53165198,14.3556948314367000000,,,31.22,,38.01,6.5,37.47834802,6.465888689,31.01245933
00:00:00,-0.829628934,0.134533236,1.110851389,0.489583333,14.7971310235157000000,,,33.88,,48.4,6.52,47.91041667,6.485455628,41.42496104
00:00:00,-0.812531414,0.141102372,1.026558406,0.444364552,15.2556550681912000000,,,33.08,,38.59,6.51,38.14563545,6.475517241,31.67011821
00:00:00,-0.789175264,0.147808507,0.919187745,0.437572778,15.8219275167398000000,,,34.4,,74.87,6.51,74.43242722,6.47553773,67.95688949
00:00:00,-0.832546877,0.150385086,0.73320176,0.390336237,16.2121001510290000000,,,28.46,,204.86,6.4,204.4696638,6.366131907,198.1035319
00:00:00,-0.873229494,0.151583178,0.615618905,0.359175434,16.6184113127705000000,,,29.58,,49.39,5.98,49.03082457,5.942677725,43.08814684
00:00:00,-0.851810836,0.169163072,0.691315561,0.334219294,16.9174487332110000000,,,29.61,,430.86,5.49,430.5257807,5.454664311,425.0711164
00:00:00,-0.910776765,0.234293809,1.227557096,0.375077292,17.9446185392959000000,,,27.24,,87.23,5.31,86.85492271,5.280794393,81.57412832
00:00:00,-0.923456887,0.321720055,1.915369668,0.4827243,19.7991252085996000000,,,27.41,,80.91,4.8,80.4272757,4.767308815,75.65996689
00:00:00,-0.914285318,0.314945219,1.696954182,0.523855891,20.7997139106453000000,,,28.64,,70.72,4.21,70.19614411,4.173848397,66.02229571
00:00:00,-0.907717276,0.348058072,1.980729397,0.561016891,21.4514256221769000000,,,27.6,,62.9,3.97,62.33898311,3.937517401,58.40146571
00:00:00,-0.884721275,0.388236557,2.200455103,0.563291781,21.9650105252193000000,,,26.45,,65.13,3.77,64.56670822,3.742800926,60.82390729
00:00:00,-0.841715329,0.423991738,2.326011738,0.575023145,22.6105516233133000000,,,27.47,,62.53,3.65,61.95497685,3.622800926,58.33217593
00:00:00,-0.844640545,0.468929091,2.485600335,0.618015013,23.9419801381321000000,,,25.88,,59.07,3.07,58.45198499,3.043517559,55.40846743
00:00:00,-0.90943007,0.543327189,2.850588632,0.66468575,25.3958715965599000000,,,22.21,,58.99,2.49,58.32531425,2.468735632,55.85657862
00:00:00,-0.890683952,0.539258324,2.648357819,0.672936729,26.4690836721411000000,,,19.67,,58.95,2.09,58.27706327,2.071045376,56.20601789
00:00:00,-0.904153764,0.53349853,2.547549452,0.685316937,27.3225269768271000000,,,19.33,,58.94,1.82,58.25468306,1.804482759,56.4502003
00:00:00,-0.870249506,0.528561136,2.486937947,0.731570078,28.7759437726828000000,,,19.67,,58.97,1.73,58.23842992,1.718577955,56.51985197
00:00:00,-0.797330256,0.528196693,2.12241133,0.730787576,29.2805100868547000000,,,20.74,,58.59,1.74,57.85921242,1.728623436,56.13058899
00:00:00,-0.78593624,0.5342554,1.28027963,0.651130803,29.6289124147966000000,,,24.42,,55.51,1.73,54.8588692,1.715244041,53.14362516
00:00:00,-0.773895933,0.526519332,0.636576033,0.527234369,30.2379044948368000000,,,26.27,,51.53,1.75,51.00276563,1.733606557,49.26915907
00:00:00,-0.804989586,0.55843057,0.773103819,0.462186216,30.4130549839520000000,,,27.02,,47.98,1.75,47.51781378,1.73818233,45.77963145
00:00:00,-0.806634325,0.615669157,0.768869064,0.426039431,30.5905787859278000000,,,25.52,,47.94,1.75,47.51396057,1.739325843,45.77463473
00:00:00,-0.796059301,0.67672368,0.743070475,0.412771475,31.0315403154346000000,,,26.94,,47.96,1.73,47.54722853,1.715352113,45.83187641
00:00:00,-0.786777197,0.683515187,0.612095533,0.402414191,31.7093584684333000000,,,28.38,,46.13,1.74,45.72758581,1.721971831,44.00561398
00:00:00,-0.7491059,0.709353769,0.512710094,0.370479778,32.8119996234864000000,,,29.67,,45.99,1.75,45.61952022,1.734856983,43.88466324
00:00:00,-0.781897078,0.73318729,0.349439719,0.334485917,33.8904329873611000000,,,28.85,,45.99,1.75,45.65551408,1.729741137,43.92577295
00:00:00,-0.817112238,0.734833944,0.3626752,0.317660139,34.8772564748150000000,,,26.27,,44.53,1.34,44.21233986,1.318015784,42.89432408
00:00:00,-0.740453903,0.739101681,0.385386536,0.297487926,35.4506488619455000000,,,29.42,,43.99,1.24,43.69251207,1.2162309,42.47628117
00:00:00,-0.714731203,0.789319623,0.493336472,0.263839404,36.3681716138688000000,,,32.94,,43.99,1.24,43.7261606,1.214025974,42.51213462
00:00:00,-0.753397583,0.779690386,0.476136441,0.261195565,36.9284494502753000000,,,35.87,,43.99,1.26,43.72880444,1.230191226,42.49861321
00:00:00,-0.739192174,0.805911096,0.508475341,0.270844508,37.6537406220619000000,,,33.55,,44,1.25,43.72915549,1.219798658,42.50935683
00:00:00,-0.757440348,0.801759361,0.522753891,0.257560027,38.0259800065238000000,,,28.25,,43.48,1.26,43.22243997,1.237753059,41.98468691
00:00:00,-0.760744973,0.742597678,0.329794101,0.262304769,38.3905443521308000000,,,28.14,,41.05,1.26,40.78769523,1.23942158,39.54827365
00:00:00,-0.719108233,0.706877796,0.14814554,0.255982921,38.4212445075503000000,,,30.72,,38.42,1.22,38.16401708,1.198877154,36.96513992
00:00:00,-0.700045519,0.693847187,0.025303544,0.235785631,38.3483316384289000000,,,30.76,,36.63,1.01,36.39421437,0.988900611,35.40531376
00:00:00,-0.666979845,0.692320216,0.012881979,0.211305867,38.4097319492680000000,,,31.59,,32.33,1.03,32.11869413,1.008417266,31.11027687
00:00:00,-0.678756133,0.686991556,-0.031524767,0.18638905,38.9277970719727000000,,,28.29,,30.67,1.01,30.48361095,0.98679558,29.49681537
00:00:00,-0.690430943,0.718852908,-0.019550777,0.159280671,39.2885238981522000000,,,30.33,,27.17,1.01,27.01071933,0.989591837,26.02112749
00:00:00,-0.702187639,0.756240809,0.029131567,0.140783578,39.7874014237197000000,,,31.09,,25.99,1,25.84921642,0.982349697,24.86686673
00:00:00,-0.68140953,0.737897597,-0.001629118,0.12709509,39.9562522785272000000,,,32.15,,25.99,0.98,25.86290491,0.961205086,24.90169982
00:00:00,-0.661214386,0.694853895,-0.119679943,0.105940699,40.2210411190207000000,,,34.27,,26.24,1,26.1340593,0.980737479,25.15332182
00:00:00,-0.660736069,0.684552361,-0.122020262,0.09477294,40.4282671681025000000,,,34.74,,23.99,1.01,23.89522706,0.993069361,22.9021577
00:00:00,-0.647170599,0.682554547,-0.153064712,0.083978801,40.8158566302742000000,,,36.76,,23.01,1,22.9260212,0.982627579,21.94339362
00:00:00,-0.633584428,0.702217474,-0.124154318,0.078716318,41.0192451599286000000,,,36.69,,22,1,21.92128368,0.977149075,20.94413461
00:00:00,-0.612666916,0.77895057,0.048953684,0.073070772,41.1957710535910000000,,,40.28,,22,1,21.92692923,0.969482289,20.95744694
00:00:00,-0.618629756,0.768967622,0.087836719,0.070815022,41.1420457816068000000,,,38.02,,22,1.03,21.92918498,0.997338051,20.93184693
00:00:00,-0.610688037,0.752794337,0.084956963,0.077954568,41.3377592724063000000,,,40.69,,22,1.26,21.92204543,1.230092442,20.69195299
00:00:00,-0.624750296,0.768137627,0.109512057,0.084424018,41.6524358654566000000,,,44.94,,22.1,1.43,22.01557598,1.403456121,20.61211986
00:00:00,-0.659218428,0.790128535,0.150128451,0.080145899,42.0477003664831000000,,,45.95,,20.43,1.61,20.3498541,1.58462203,18.76523207
00:00:00,-0.707199312,0.796361822,0.107823051,0.094256691,42.9917301456339000000,,,53.13,,20.08,1.76,19.98574331,1.728108108,18.2576352
00:00:00,-0.696544232,0.785013831,0.038047433,0.094714506,43.5558455014678000000,,,48.46,,20.09,1.93,19.99528549,1.894769648,18.10051585
00:00:00,-0.685651899,0.761921311,0.032556975,0.093545909,43.6939962008558000000,,,43.33,,19.64,2.16,19.54645409,2.127444384,17.41900971
00:00:00,-0.522107893,0.740764608,0.066072469,0.092357599,43.9357599247846000000,,9.3,46.84,,17.76,2.28,17.6676424,2.250302376,15.41734002
00:00:00,-0.581818185,0.714887185,0.044313372,0.086948268,43.9434349636395000000,,9.1,47.97,,17.1,2.5,17.01305173,2.469924812,14.54312692
00:00:00,-0.583907005,0.708376537,0.037831394,0.079447161,44.0585605464628000000,,9.3,54.31,,15.97,2.63,15.89055284,2.598516542,13.2920363
00:00:00,-0.575280297,0.735036401,0.046736129,0.081766302,44.3732371395130000000,,9.5,53.04,,15.16,2.79,15.0782337,2.754893617,12.32334008
00:00:00,-0.569828343,0.748865781,-0.038622206,0.087005123,44.7800141988219000000,,9.7,49.83,,14.88,3,14.79299488,2.971972501,11.82102238
00:00:00,-0.571059973,0.743563809,-0.033036258,0.089543886,44.8260644319512000000,,9.6,56.26,,14.61,3.04,14.52045611,3.01469689,11.50575922
00:00:00,-0.541857885,0.723964622,-0.038296934,0.078165615,44.5689506303126000000,,9.5,58.7,,14.48,3.26,14.40183439,3.228321014,11.17351337
00:00:00,-0.528025688,0.728547285,-0.051540689,0.07914133,44.9488650536293000000,,9.4,64.97,,14.39,3.5,14.31085867,3.463588391,10.84727028
00:00:00,-0.508015759,0.725804345,-0.08140978,0.079948891,45.4093673849224000000,,9.6,65.57,,14.71,3.62,14.63005111,3.573133228,11.05691788
00:00:00,-0.509891421,0.746714214,-0.062343028,0.07515844,46.2229215035401000000,,9.7,62.37,,14.1,3.78,14.02484156,3.736521739,10.28831982
00:00:00,-0.519269871,0.764725243,-0.025844879,0.076123348,46.8714622867778000000,,9.7,58.3,,13.8,4,13.72387665,3.965445026,9.758431626
00:00:00,-0.527635426,0.766504897,0.006015826,0.07720007,47.0671757775774000000,,9.7,59.43,,13.77,4.16,13.69279993,4.125843405,9.566956525
00:00:00,-0.530654118,0.756290018,0.020958628,0.079308237,47.4202275649020000000,,9.6,65.51,,13.51,4.29,13.43069176,4.250146827,9.180544936
00:00:00,-0.520962422,0.751989667,0.051899773,0.0814776,47.5238405894430000000,,9.6,61.63,,13.55,4.49,13.4685224,4.454025026,9.014497374
00:00:00,-0.496519031,0.754766785,0.06548812,0.0816131,47.6543162499760000000,,9.3,62.9,,13.5,4.59,13.4183869,4.556373513,8.862013387
00:00:00,-0.504623227,0.759656401,0.033494939,0.088298884,48.2913444749314000000,,9.3,69.69,,13.5,4.79,13.41170112,4.754542652,8.657158464
00:00:00,-0.491084797,0.818055853,0.092393155,0.098637415,49.1969990598077000000,,8.8,70.94,,13.25,4.94,13.15136258,4.898333333,8.253029251
00:00:00,-0.491476246,0.922902563,0.241188116,0.101189967,49.3620123951878000000,,9,70.96,,15.12,4.99,15.01881003,4.946812339,10.07199769
00:00:00,-0.485305227,0.903471362,0.247949602,0.116927846,49.7803020127789000000,,9,74.41,,17.65,5.24,17.53307215,5.198546571,12.33452558
00:00:00,-0.50283034,0.846450614,0.161833462,0.102621019,49.5615634054147000000,,9,73.05,,17.65,5.25,17.54737898,5.211812627,12.33556635
00:00:00,-0.501794096,0.867423651,0.1951205,0.10546776,50.1985916303701000000,,8.8,63.87,,17.92,5.25,17.81453224,5.229376258,12.58515598
00:00:00,-0.491625575,0.885680389,0.186103561,0.099792445,50.8356198553255000000,,8.7,58.88,,17.54,5.25,17.44020756,5.236947791,12.20325976
00:00:00,-0.501547645,0.883094367,0.154786474,0.098575405,51.4918356774181000000,,8.7,59.37,,17.79,5.25,17.69142459,5.230263158,12.46116144
00:00:00,-0.477190885,0.868815098,0.133476252,0.096534855,51.6107987796688000000,,8.9,62.03,,18.21,5.24,18.11346514,5.214593496,12.89887165
00:00:00,-0.424346595,0.870830043,0.15144987,0.099295946,52.1288639023735000000,,8.8,54.57,,17.51,5.25,17.41070405,5.22924357,12.18146048
00:00:00,-0.45608361,0.851772477,0.13269173,0.101582687,52.3514400291651000000,,9,59.26,,17.58,5.26,17.47841731,5.235848012,12.2425693
00:00:00,-0.445509256,0.859559913,0.138841733,0.10863263,52.8311299575954000000,,8.9,60.56,,17.76,5.26,17.65136737,5.232212212,12.41915516
00:00:00,-0.453640614,0.834990961,0.099169256,0.107199619,53.4681581825508000000,,9.2,63.97,,17.6,5.25,17.49280038,5.224263027,12.26853735
00:00:00,-0.432551652,0.819675909,0.001980373,0.092277691,53.7367845424717000000,,9.2,63.46,,17.54,5.25,17.44772231,5.223091358,12.22463095
00:00:00,-0.460626158,0.805898865,-0.126777953,0.085983052,53.6063088819387000000,,9.2,67.48,,17.73,5.25,17.64401695,5.223129621,12.42088733
00:00:00,-0.467434689,0.776350957,-0.140702197,0.068994758,53.2148819003396000000,,9.1,74.18,,17.5,5.26,17.43100524,5.23641769,12.19458755
00:00:00,-0.453013436,0.797643207,-0.057661258,0.073945025,53.2263944586219000000,,9.2,72.39,,17.52,5.02,17.44605497,5.000299166,12.44575581
00:00:00,-0.450423673,0.77479095,-0.10679061,0.071248376,53.7751597367462000000,,9.3,79.93,,17.38,4.94,17.30875162,4.912449483,12.39630214
00:00:00,-0.455814863,0.746769199,-0.156841217,0.076998566,54.7498896713164000000,,9.5,86.2,,17,4.76,16.92300143,4.724638256,12.19836318
00:00:00,-0.451126389,0.74933282,-0.151469143,0.083991653,55.8167200721454000000,,9.4,94.62,,16.49,4.49,16.40600835,4.446937965,11.95907038
00:00:00,-0.427949698,0.744013186,-0.143646113,0.083872407,55.9395206938235000000,,9.3,91.73,,16.25,4.24,16.16612759,4.199187314,11.96694028
00:00:00,-0.441111835,0.74466724,-0.144876493,0.081713781,56.3885104668342000000,17.90845,9.3,92.95,,15.69,3.94,15.60828622,3.89719706,11.71108916
00:00:00,-0.417613553,0.76350684,-0.103625838,0.091042369,57.1176391580482000000,17.43929,9.5,95.35,,15.56,2.98,15.46895763,2.939734446,12.52922318
00:00:00,-0.406037174,0.792656639,-0.077834335,0.091523208,57.6664044361725000000,16.89941,9.4,105.56,,15.38,2.61,15.28847679,2.570185438,12.71829135
00:00:00,-0.413168692,0.842905971,0.009479157,0.096605182,58.6334593318878000000,17.64006,9.2,112.57,,15.33,2.28,15.23339482,2.240631102,12.99276372
00:00:00,-0.414832131,0.815811144,-0.004714991,0.107405556,59.5084137613446000000,18.6962,9.2,125.39,,15.68,1.98,15.57259444,1.93824457,13.63434987
00:00:00,-0.40525753,0.792369103,-0.016788412,0.106092061,59.2935126734079000000,19.05086,9.6,133.93,,16.28,2,16.17390794,1.9497821,14.22412584
00:00:00,-0.4167347,0.781244494,0.006303254,0.120646138,59.6350519024502000000,18.83741,9.9,133.44,,16.51,2.01,16.38935386,1.953998771,14.43535509
00:00:00,-0.419156349,0.758349838,-0.049261836,0.117664023,59.4892261642075000000,18.76366,9.8,116.61,,16.8,2,16.68233598,1.946281449,14.73605453
00:00:00,-0.387009245,0.799890312,0.032395011,0.111253836,59.7578525241284000000,17.53647,10.2,103.9,,16.79,1.81,16.67874616,1.760630726,14.91811544
00:00:00,-0.439090939,0.993321453,0.330158575,0.119857013,61.3120478922424000000,15.29843,10.6,76.65,,16.77,0.97,16.65014299,0.933448137,15.71669485
00:00:00,-0.445543192,1.100571258,0.468734891,0.107597112,61.8224379760922000000,12.17623,11.5,57.44,,16.57,0.39,16.46240289,0.379304253,16.08309863
00:00:00,-0.44864374,1.073310156,0.442595611,0.100637991,61.5691616938811000000,11.60335,12,41.02,,15.74,0.16,15.63936201,0.159085871,15.48027614
00:00:00,-0.508286604,1.10672708,0.486203529,0.095004764,61.7456875875434000000,10.45426,12.6,41.74,,13.93,0.15,13.83499524,0.149701535,13.6852937
00:00:00,-0.473908316,1.141205138,0.49468882,0.077331363,61.5346240190341000000,10.19221,13,39.16,,12.51,0.22,12.43266864,0.217638089,12.21503055
00:00:00,-0.473363478,1.187348607,0.497935611,0.078858056,62.2138649576913000000,10.18743,13.7,47.98,,11.13,0.18,11.05114194,0.183835563,10.86730638
00:00:00,-0.451904451,1.114846758,0.322622922,0.061260554,62.2253775159737000000,9.993018,14,49.79,,10.18,0.15,10.11873945,0.157368857,9.961370589
00:00:00,-0.400647978,1.082227767,0.326566541,0.052363449,62.6244795364276000000,11.28776,13.8,59.16,,9.49,0.18,9.437636551,0.192814358,9.244822193
00:00:00,-0.371716853,1.065903535,0.345210875,0.057342567,62.6935548861216000000,11.73492,13.4,69.68,,9.03,0.21,8.972657433,0.22426776,8.748389673
00:00:00,-0.369631918,1.052133355,0.346740186,0.053925354,62.8508931826467000000,11.79228,13.1,64.09,,8.51,0.16,8.456074646,0.180971614,8.275103033
00:00:00,-0.394291921,1.022802066,0.348720622,0.053347955,62.6628547307021000000,12.75761,13.2,71.06,,8.03,0.16,7.976652045,0.174843486,7.801808559
00:00:00,-0.389549647,1.030340784,0.288102592,0.052722836,62.9084559740584000000,12.71,12.9,69.46,,7.61,0.15,7.557277164,0.16286206,7.394415104
00:00:00,-0.374915718,1.037751669,0.04472894,0.050760468,64.4242761478980000000,12.60849,12.5,75.82,,7,0.12,6.949239532,0.121828483,6.827411049
00:00:00,-0.330562504,1.063039722,-0.034101868,0.055307263,65.2416677859432000000,13.2011,12.2,78.08,,6.7,0.12,6.644692737,0.101617041,6.543075696
00:00:00,-0.377997983,1.084640161,0.010556133,0.06525804,65.5870445344130000000,13.10907,12,74.3,,6.5,0.12,6.43474196,0.092786689,6.341955271
00:00:00,-0.385725033,1.076568881,-0.027249898,0.081852082,66.7997006734846000000,13.73409,12.2,78.22,,6.5,0.11,6.418147918,0.083742914,6.334405004
00:00:00,-0.358058545,1.121102306,-0.017615441,0.101278453,67.7667555692000000000,13.20088,12,76.42,,6.5,0.13,6.398721547,0.108566682,6.290154864
00:00:00,-0.351072453,1.139991015,-0.039885162,0.095608191,68.1620200702266000000,13.96415,12,81.24,,6.5,0.16,6.404391809,0.136860406,6.267531403
00:00:00,-0.353184984,1.114516829,-0.000295942,0.101942646,68.5687971295355000000,14.71646,11.5,84.48,,6.5,0.2,6.398057354,0.177635528,6.220421826
00:00:00,-0.333658119,1.144669808,0.057697689,0.090998223,68.3231958861792000000,14.58214,11.2,73.84,,6.53,0.2,6.439001777,0.179790139,6.259211638
00:00:00,-0.332467524,1.165693005,0.093619608,0.083675093,67.9394439434350000000,14.42824,10.9,75.35,,6.6,0.18,6.516324907,0.16946651,6.346858396
00:00:00,-0.32795808,1.13476201,0.078534394,0.075772378,67.6132547921024000000,15.26898,10.7,76.37,,6.54,0.18,6.464227622,0.167648072,6.29657955
00:00:00,-0.30839147,1.112074581,0.087282298,0.083348644,67.8857186714508000000,15.50469,11,76.82,,6.7,0.19,6.616651356,0.178518954,6.438132402
00:00:00,-0.301179362,1.115539139,0.082689491,0.092356494,68.7184603872057000000,16.01211,10.9,75.31,,6.78,0.19,6.687643506,0.178563173,6.509080333
00:00:00,-0.290674792,1.08086514,0.041545076,0.086192518,69.9771667594067000000,17.70507,10.7,81.9,,7.01,0.19,6.923807482,0.178278124,6.745529358
00:00:00,-0.257613906,1.089140132,0.024552619,0.072878066,69.9963543565439000000,18.61808,10.2,84.14,,6.84,0.19,6.767121934,0.178568391,6.588553543
00:00:00,-0.241930582,1.14739969,0.057862074,0.064010298,69.7852907880346000000,17.93859,10.1,89.04,,6.13,0.18,6.065989702,0.165042765,5.900946937
00:00:00,-0.204012238,1.177489902,0.093743209,0.049003275,70.0731047450928000000,19.06458,9.9,89.42,,6.06,0.17,6.010996725,0.153681531,5.857315194
00:00:00,-0.223525607,1.202289518,0.072417309,0.041565208,70.5834948289426000000,19.4634,9.6,89.58,,6.08,0.16,6.038434792,0.138924154,5.899510639
00:00:00,-0.231939745,1.18949566,0.043425469,0.039860376,70.8789838248556000000,20.07989,9.5,102.94,,6.4,0.14,6.360139624,0.113183967,6.246955657
00:00:00,-0.227639183,1.147424576,0.02952647,0.042646071,71.4929869332464000000,20.55309,9.5,110.04,,6.69,0.1,6.647353929,0.068363691,6.578990237
00:00:00,-0.218375649,1.207154702,0.054587702,0.071725455,73.2237081950227000000,20.24966,9.6,101.33,,6.71,0.09,6.638274545,0.054313542,6.583961003
00:00:00,-0.194954062,1.213891823,0.04134778,0.062358789,72.1760653913310000000,20.45706,9.5,96.29,,6.98,0.09,6.917641211,0.054411717,6.863229494
00:00:00,-0.183712329,1.247787246,0.09960259,0.063113684,71.8805763954180000000,21.08076,9.2,97.19,,6.62,0.07,6.556886316,0.03371284,6.523173476
00:00:00,-0.156413375,1.327617777,0.19382081,0.066534765,72.4024790375501000000,19.91156,8.8,86.33,,6.47,0.1,6.403465235,0.062287918,6.341177316
00:00:00,-0.219850299,1.367964821,0.226281332,0.06154018,72.9474067962469000000,20.93402,8.4,85.61,,6.06,0.08,5.99845982,0.041316432,5.957143389
00:00:00,-0.167669626,1.447783751,0.339467522,0.076556073,75.3343438801159000000,19.6311,8.5,86.41,,7.88,0.07,7.803443927,0.034748001,7.768695926
00:00:00,-0.182167358,1.455214926,0.336113585,0.094846491,76.6352629660188000000,19.3915,8.4,97.21,,10.36,0.08,10.26515351,0.046056224,10.21909728
00:00:00,-0.188017807,1.512028223,0.31778685,0.104481716,77.0765777001746000000,18.76332,8.5,98.57,,11.1,0.07,10.99551828,0.040375812,10.95514247
00:00:00,-0.206202964,1.49765629,0.271905846,0.106133625,77.5102173954756000000,18.99736,8.4,100.24,,10.45,0.08,10.34386637,0.050747833,10.29311854
00:00:00,-0.227033409,1.427867196,0.187623426,0.10433317,77.9476946102040000000,19.00413,8.6,102.25,,8.53,0.1,8.42566683,0.071289012,8.354377818
00:00:00,-0.193456961,1.445891242,0.215549826,0.104277206,78.2700462421091000000,19.97542,8.6,106.19,,9.2,0.13,9.095722794,0.103486018,8.992236776
00:00:00,-0.180554441,1.463816136,0.275740616,0.111379495,79.4558397451887000000,19.52223,8.5,103.33,,9.71,0.14,9.598620505,0.116972602,9.481647903
00:00:00,-0.174174189,1.476492196,0.223117628,0.082804884,79.2869888903812000000,20.12968,8.3,94.7,,9.92,0.16,9.837195116,0.142957462,9.694237653
00:00:00,-0.189718255,1.481007828,0.220049266,0.088685666,78.5770477963045000000,20.12064,8,82.41,,9.48,0.16,9.391314334,0.143360062,9.247954272
00:00:00,-0.179734069,1.47090238,0.178808635,0.090651861,78.3966843832147000000,20.01413,8.1,87.93,,7.44,0.16,7.349348139,0.145915493,7.203432646
00:00:00,-0.187522731,1.455392065,0.096243279,0.088832353,78.8341615979431000000,19.93614,8.2,94.16,,5.76,0.13,5.671167647,0.11307621,5.558091437
00:00:00,-0.162599304,1.471902562,0.075979835,0.091851228,79.6477157165608000000,20.07918,8.4,94.72,,5.22,0.14,5.128148772,0.120087179,5.008061592
00:00:00,-0.157832649,1.50010609,0.036139609,0.077988895,81.2095861235298000000,19.37126,8.4,89.57,,5.02,0.16,4.942011105,0.138376564,4.803634541
00:00:00,-0.178459462,1.505619029,0.034636879,0.063695543,81.5165876777251000000,19.55417,8.6,86.66,,5.05,0.16,4.986304457,0.142358662,4.843945795
00:00:00,-0.173116944,1.510057454,-0.001303394,0.061638038,81.8274267513479000000,18.61736,8.8,88.25,,5.24,0.16,5.178361962,0.142589776,5.035772185
00:00:00,-0.16504732,1.517283996,0.013105614,0.073076542,83.1743960703801000000,20.84347,8.8,94.69,,4.93,0.14,4.856923458,0.124051353,4.732872104
00:00:00,-0.142575051,1.512594607,0.059338439,0.070254037,83.4238348331638000000,21.56931,8.8,95.32,,4.72,0.15,4.649745963,0.130220765,4.519525198
00:00:00,-0.146129238,1.54807711,0.070673274,0.072906452,83.9764376307155000000,20.87448,9,93.05,,5.28,0.14,5.207093548,0.125261038,5.08183251
00:00:00,-0.133017218,1.546948753,0.056791707,0.061337841,84.3294894180402000000,22.78765,9.1,92.07,,5.16,0.15,5.098662159,0.139369146,4.959293013
00:00:00,-0.136024361,1.569098471,0.062720464,0.065146895,84.4522900397183000000,22.11471,9,94.8,,4.14,0.11,4.074853105,0.096380349,3.978472755
00:00:00,-0.106589648,1.639366839,0.106926519,0.08297519,85.0969933035286000000,21.65662,8.9,95.8,,5.38,0.09,5.29702481,0.072455835,5.224568975
00:00:00,-0.099517037,1.675044031,0.138786675,0.08884429,85.3617821440221000000,21.84023,9.1,104.61,,5.65,0.09,5.56115571,0.070393184,5.490762526
00:00:00,-0.137041555,1.692263098,0.162754105,0.081682325,85.2735191971909000000,21.16749,9.2,106.57,,6.44,0.08,6.358317675,0.064816324,6.293501351
00:00:00,-0.080076252,1.757646483,0.194132363,0.07882438,85.9258974998561000000,21.15761,9.3,106.29,,6.26,0.08,6.18117562,0.068150747,6.113024873
00:00:00,-0.092923997,1.770019038,0.17992924,0.077119365,87.4724178291152000000,22.53999,9.1,100.54,,6.03,0.09,5.952880635,0.080363873,5.872516762
00:00:00,-0.083781302,1.801835027,0.196740339,0.073156953,87.4800928679701000000,22.08484,9.2,93.86,,6.56,0.08,6.486843047,0.067629278,6.419213769
00:00:00,-0.09119804,1.842584142,0.220207971,0.074004596,87.8830324078516000000,22.65296,9.1,97.63,,6.94,0.09,6.865995404,0.074982644,6.79101276
00:00:00,-0.04199738,2.016739333,0.329177226,0.077512227,89.6214287084828000000,21.47781,9.3,94.62,,7.43,0.07,7.352487773,0.054210526,7.298277247
00:00:00,-0.061916698,2.014187026,0.331610609,0.078890473,90.0051806512270000000,20.14344,9.2,100.82,,10.33,0.07,10.25110953,0.058736507,10.19237302
00:00:00,-0.068146742,2.028427372,0.310288331,0.083855047,91.0182857800718000000,20.84714,9.3,100.8,,10.8,0.08,10.71614495,0.064877971,10.65126698
00:00:00,-0.076218231,1.965502943,0.270567586,0.093833902,92.2424544774258000000,20.66504,9.4,102.07,,9.99,0.09,9.896166098,0.070471421,9.825694677
00:00:00,-0.093221855,1.932514676,0.231608284,0.096560185,92.6070188230328000000,20.5542,9.6,102.18,,9.77,0.09,9.673439815,0.068728885,9.60471093
00:00:00,-0.073058229,1.95798734,0.194355829,0.091634724,92.8948327800909000000,20.7882,9.9,105.79,,8.86,0.1,8.768365276,0.079276586,8.68908869
00:00:00,-0.0511747,1.970392847,0.176323016,0.09319367,93.3169599171096000000,20.62652,10.2,103.59,,8.03,0.09,7.93680633,0.070076714,7.866729616
00:00:00,-0.099073874,2.012482263,0.189225402,0.095360245,93.4052228639408000000,20.96649,10.2,96.54,,7.89,0.09,7.794639755,0.073003887,7.721635869
00:00:00,-0.050693114,2.056059635,0.169779961,0.088562369,93.5356985244738000000,20.6846,10.5,93.21,,8.34,0.09,8.251437631,0.073420813,8.178016818
00:00:00,-0.061174567,2.152556968,0.2161208,0.08962885,95.3124700193795000000,20.99789,10.5,84.4,338.321014,9.74,0.09,9.65037115,0.073356598,9.577014552
00:00:00,-0.060775888,2.144411038,0.190126181,0.091507282,95.4851583936144000000,22.53339,10.6,75.79,378.046997,8.9,0.09,8.808492718,0.076776448,8.73171627
00:00:00,-0.056525659,2.199096499,0.19348498,0.081699489,95.0630312565957000000,20.60464,10.4,59.29,320.192993,9.77,0.12,9.688300511,0.112435067,9.575865444
00:00:00,-0.05655605,2.27356903,0.12734898,0.072407296,96.1106740602874000000,18.92803,10.3,47.22,217.464005,10.76,0.11,10.6875927,0.110893483,10.57669922
00:00:00,-0.050544171,2.404151279,0.19360876,0.075466871,96.7975900377996000000,19.04236,10.3,50.58,254.263,10.91,0.11,10.83453313,0.110251298,10.72428183
00:00:00,-0.013609993,2.544948735,0.25464129,0.076102538,97.9450083466047000000,18.51067,10.3,47.82,244.223999,10.68,0.11,10.60389746,0.110736374,10.49316109
00:00:00,-0.007383728,2.645428118,0.34592936,0.079128011,99.5414164284206000000,18.08444,10.2,54.45,236.145004,10.74,0.12,10.66087199,0.121995174,10.53887681
00:00:00,-0.010040154,2.644813256,0.368586375,0.080929886,100.1016942648270000000,17.98366,10.3,59.27,230.190002,10.75,0.12,10.66907011,0.120399327,10.54867079
00:00:00,0.008919602,2.676549572,0.366990234,0.072045276,99.5874666615500000000,17.44872,10.4,59.82,263.071991,10.75,0.13,10.67795472,0.128762288,10.54919244
00:00:00,-0.006909939,2.672244681,0.356198936,0.068141629,99.6757296083811000000,18.12762,10.2,50.9,284.649994,10.75,0.13,10.68185837,0.128304302,10.55355407
00:00:00,0.02206589,2.837264198,0.409833145,0.071405094,100.0748316288350000000,17.16472,10.2,42.87,230.056,10.75,0.14,10.67859491,0.138049207,10.5405457
00:00:00,0.029414571,3.02542236,0.47146625,0.079469927,100.9689736554290000000,16.78515,10.3,45.48,236.059998,10.75,0.14,10.67053007,0.140361297,10.53016878
00:00:00,0.005925297,2.998970957,0.393213281,0.075814309,102.5385191012530000000,17.01804,10.5,46.22,314.165985,10.75,0.12,10.67418569,0.118294256,10.55589144
00:00:00,0.034379197,2.965148983,0.382733501,0.081022426,103.2215975593380000000,16.49472,10.4,42.44,377.321014,10.75,0.12,10.66897757,0.114982024,10.55399555
00:00:00,0.038403602,3.029197196,0.37747352,0.08808332,103.4364986472740000000,17.12931,10.2,37.19,430.566986,10.11,0.24,10.02191668,0.232704802,9.789211878
00:00:00,0.029764575,3.173881413,0.395990784,0.095787582,105.3168831667210000000,15.696,10.1,31.68,368.766998,10.24,0.34,10.14421242,0.326269132,9.817943286
00:00:00,0.048155193,3.100682214,0.289720094,0.087773549,105.2938580501560000000,16.68628,10,30.32,437.696991,10.41,0.38,10.32222645,0.369822002,9.952404449
00:00:00,0.038354197,3.034804035,0.192481402,0.074599381,105.2516453364540000000,16.791,9.8,37.55,416.729004,10.63,0.36,10.55540062,0.351474638,10.20392598
00:00:00,0.040285584,2.984163886,0.128045727,0.065654034,106.0767120133550000000,16.13181,9.9,40.75,448.317993,10.31,0.37,10.24434597,0.358748896,9.88559707
00:00:00,0.060266539,3.086195933,0.166886141,0.06582327,106.6907151217450000000,16.68337,10.3,46.71,531.385986,9.88,0.37,9.81417673,0.359806774,9.454369955
00:00:00,0.050061563,3.080445487,0.150901713,0.076374706,107.1934301667400000000,18.4411,11,48.76,673.336975,9.34,0.38,9.263625294,0.370026735,8.893598559
00:00:00,-0.017004649,3.164747606,0.18430308,0.087934088,108.4406239806590000000,16.34316,11.1,44.65,624.68103,8.89,0.39,8.802065912,0.381728611,8.420337301
00:00:00,0.060839972,3.158331675,0.113160938,0.080450955,108.1259473876090000000,16.82818,11.4,44.72,575.471985,8.69,0.4,8.609549045,0.389371255,8.22017779
00:00:00,0.028995272,3.153506338,0.0423359,0.072821253,108.3216608784080000000,17.24752,11.4,45.18,609.734985,8.41,0.4,8.337178747,0.385362164,7.951816583
00:00:00,0.066200309,3.311311623,0.10414928,0.071594311,109.8796937659500000000,17.05615,11.8,49.78,700.971985,8.25,0.4,8.178405689,0.383640125,7.794765564
00:00:00,0.055822856,3.550357514,0.197362269,0.070005205,110.4476466412110000000,16.74383,11.9,45.66,745.690979,8.29,0.41,8.219994795,0.393074628,7.826920167
00:00:00,0.04758253,3.852080591,0.271650653,0.085330563,112.2627933303910000000,17.65555,12,51.97,963.742981,8.5,0.54,8.414669437,0.519253779,7.895415658
00:00:00,0.050189487,4.200638329,0.323501978,0.092187728,115.0258073181500000000,17.40516,11.8,52.5,970.403015,8.91,0.65,8.817812272,0.624999578,8.192812694
00:00:00,0.063853042,4.150752262,0.338657745,0.101282892,115.9583245390180000000,17.2373,11.7,53.47,1179.969971,9.66,0.66,9.558717108,0.632620418,8.926096689
00:00:00,0.081400652,4.182187564,0.378074998,0.112917928,117.1364430032430000000,18.02589,11.5,49.33,1071.790039,10.65,0.79,10.53708207,0.766193876,9.770888197
00:00:00,0.099463924,4.210355429,0.410899532,0.118696187,118.6676132547920000000,18.14478,11.2,51.06,1347.890015,11.72,0.9,11.60130381,0.878003101,10.72330071
00:00:00,0.086773377,4.121489692,0.335459505,0.117221783,119.1971909357790000000,20.01888,11.1,48.48,2286.409912,12.12,0.91,12.00277822,0.891251223,11.11152699
00:00:00,0.092637517,4.055068168,0.316390173,0.109010847,118.8786768233010000000,19.9098,10.9,45.18,2480.840088,12.25,1.04,12.14098915,1.02366512,11.11732403
00:00:00,0.090884846,4.111088765,0.299025792,0.097883785,119.0552027169640000000,21.13485,11,46.63,2875.340088,12.25,1.15,12.15211621,1.132720215,11.019396
00:00:00,0.125806278,4.065231752,0.287145294,0.106793015,119.6730433447820000000,19.69859,10.6,48.04,4703.390137,12.25,1.16,12.14320698,1.140610258,11.00259673
00:00:00,0.14034955,4.018664939,0.274348141,0.111984979,120.4520597885530000000,22.1152,10.6,49.82,4338.709961,12.25,1.15,12.13801502,1.127670361,11.01034466
00:00:00,0.13311946,4.334621976,0.309034748,0.11898858,122.9541224552450000000,21.07481,10.4,51.58,6468.399902,12.24,1.15,12.12101142,1.129588713,10.99142271
00:00:00,0.134805953,4.659573832,0.312423837,0.129842604,124.7884567415620000000,20.3801,10.2,56.64,10233.59961,12.21,1.16,12.0801574,1.137974171,10.94218322
00:00:00,0.166502681,4.656341428,0.208786088,0.119197375,125.6442235738820000000,22.70861,9.9,57.88,14156.40039,12.5,1.3,12.38080263,1.278909175,11.10189345
00:00:00,0.149308081,4.586719928,0.091910221,0.103456329,126.9259550626480000000,23.25039,9.9,63.7,10221.09961,12.75,1.41,12.64654367,1.389294924,11.25724875
00:00:00,0.130094108,4.606368745,0.109767207,0.102591257,127.8546347640880000000,21.1061,9.8,62.23,10397.90039,12.75,1.42,12.64740874,1.397882046,11.2495267
00:00:00,0.130726415,4.767984253,0.140069444,0.102345695,129.1248536945720000000,21.10143,9.9,62.73,6973.529785,12.74,1.51,12.6376543,1.486402886,11.15125142
00:00:00,0.133229515,5.053915402,0.200353625,0.108495295,131.5424909338600000000,20.94996,10.3,66.25,9240.549805,12.83,1.69,12.72150471,1.665372561,11.05613214
00:00:00,0.128348084,5.568911067,0.351188886,0.121470655,133.6761517355180000000,21.39874,10.6,69.98,7494.169922,14.33,1.7,14.20852935,1.671989883,12.53653946
00:00:00,0.091930297,5.982002632,0.475191633,0.15385112,137.1682944144900000000,20.04671,10.9,67.87,6404,17.68,1.82,17.52614888,1.791284522,15.73486436
00:00:00,0.107969013,6.17023693,0.5008766,0.158490201,137.9242857416970000000,19.62209,11.1,70.98,7780.439941,17.79,1.91,17.6315098,1.880504849,15.75100495
00:00:00,0.103684192,7.613349837,0.872796018,0.178964246,141.0902392693360000000,18.07047,11.2,68.06,7037.580078,18.7,1.91,18.52103575,1.883008199,16.63802756
00:00:00,0.070066155,8.982149995,1.23510796,0.245189244,149.9856093021470000000,17.32813,11.5,70.23,6625.560059,21.87,1.95,21.62481076,1.927230278,19.69758048
00:00:00,0.050978035,8.471814281,0.954452851,0.252403246,153.9881420649690000000,15.65985,11.7,70.75,6317.609863,24.01,2.19,23.75759675,2.164775301,21.59282145
00:00:00,0.052886441,7.682930415,0.648848305,0.216187957,151.7662183164800000000,15.92082,12.3,56.96,4017.268555,23.8,2.2,23.58381204,2.17823399,21.40557805
00:00:00,0.026875099,7.580136278,0.627916766,0.203017623,151.1522152080890000000,16.30534,12.8,49.52,3742.700439,23.81,2.27,23.60698238,2.250898412,21.35608397
00:00:00,0.049936167,7.737364,0.686905702,0.203537415,152.7601358481880000000,17.20434,13.4,51.38,3457.792725,23.58,2.4,23.37646259,2.384487649,20.99197494
00:00:00,0.071153771,7.562894766,0.641834422,0.196716391,153.0057370915440000000,17.12876,13.6,54.95,3854.7854,23.91,2.4,23.71328361,2.384798647,21.32848496
00:00:00,0.100015123,7.8575423,0.647979918,0.197129101,154.5791200567950000000,17.69436,13.8,58.15,4105.404297,23.57,2.41,23.3728709,2.391374773,20.98149613
00:00:00,0.098177868,8.377663121,0.657657965,0.195023047,157.1963083063110000000,17.31322,13.8,63.86,5350.726563,24.68,2.42,24.48497695,2.400035602,22.08494135
00:00:00,0.107894264,8.900798085,0.598301352,0.187116036,158.6891033635860000000,16.89482,13.9,60.83,8574.501953,25.13,2.39,24.94288396,2.372097715,22.57078625
00:00:00,0.049454092,8.551881224,0.429601715,0.157201209,158.7313160772880000000,17.07089,13.9,54.66,10817.15527,24.45,2.38,24.29279879,2.363515153,21.92928364
00:00:00,0.095836156,8.445331155,0.368720724,0.166467266,160.8841644760830000000,17.61013,14.2,57.35,10085.62793,22.5,2.4,22.33353273,2.381885352,19.95164738
00:00:00,0.064854906,8.447092075,0.109510564,0.150084317,162.2656714699620000000,17.87794,14.1,54.81,9630.664063,19.11,2.13,18.95991568,2.112502201,16.84741348
00:00:00,0.112076692,8.657720805,-0.036119325,0.092621021,163.8774296294880000000,16.86634,13.9,56.95,8293.868164,17.54,2.04,17.44737898,2.022886955,15.42449202
00:00:00,0.108081128,8.921562803,0.053087628,0.085528447,167.1585087399500000000,17.50289,13.6,53.96,9199.584961,15.99,1.83,15.90447155,1.812359571,14.09211198
00:00:00,0.113744247,8.877780453,0.155520091,0.105618489,167.7955369649060000000,18.3017,13.2,57.03,7569.629883,13.62,1.55,13.51438151,1.52948722,11.98489429
00:00:00,0.131494518,9.118120249,0.202896612,0.118360922,169.0427307788250000000,19.0317,13.1,59.88,7193.599121,12.16,1.55,12.04163908,1.527148703,10.51449038
00:00:00,0.127639,9.332560674,0.206167976,0.121536413,171.3260548381530000000,20.22807,12.6,57.52,9350.529297,11.31,1.55,11.18846359,1.52513428,9.663329306
00:00:00,0.157257153,9.539127993,0.261306456,0.123673848,171.9285453882610000000,18.68389,12.6,50.54,8599.508789,10.9,1.58,10.77632615,1.556651264,9.219674887
00:00:00,0.14322126,10.04394949,0.27825586,0.118591892,172.9109503616860000000,17.73885,12.9,29.21,6438.644531,10.29,0.65,10.17140811,0.63460673,9.536801378
00:00:00,-0.083848574,11.0128068,0.314544002,0.10936699,174.3883953412510000000,12.88694,13.6,16.55,8658.553711,8.99,0.05,8.88063301,0.046709033,8.833923977
00:00:00,0.074531139,11.38031351,0.278572258,0.113900174,176.7638198668380000000,14.24806,14,28.56,9461.058594,8.5,0.05,8.386099826,0.048820736,8.33727909
00:00:00,0.176350887,11.21096094,0.310935062,0.12622392,178.7670050079630000000,15.41563,14.3,38.31,9137.993164,8.11,0.08,7.98377608,0.07354267,7.910233411
00:00:00,0.216183,11.28934722,0.336756015,0.117641446,179.8108102922270000000,17.05507,13.8,40.71,11323.4668,8.24,0.09,8.122358554,0.080139182,8.042219372
00:00:00,0.229707457,12.015648,0.422459693,0.117704096,181.3650056603410000000,20.37325,13.3,42.34,11680.82031,9.67,0.1,9.552295904,0.086903546,9.465392358
00:00:00,0.243594453,12.54275807,0.448736724,0.11748314,183.1302645969640000000,20.24545,12.7,39.63,10787.61816,10.67,0.09,10.55251686,0.076286751,10.47623011
00:00:00,0.243284095,13.42912314,0.505243357,0.11889621,187.0330218546730000000,19.58871,12.9,39.4,13780.99512,12.82,0.09,12.70110379,0.078179338,12.62292445
00:00:00,0.250330982,13.97212298,0.57383065,0.140263007,191.3310436134080000000,21.23271,12.9,40.94,19625.83594,14.87,0.09,14.72973699,0.078254642,14.65148235
00:00:00,0.25479825,13.63490961,0.495364092,0.14599319,193.7218182167050000000,20.76722,12.5,47.02,29001.7207,15.82,0.09,15.67400681,0.076379945,15.59762687
00:00:00,0.252487781,13.22064205,0.416614637,0.149736813,196.9798722106030000000,20.25315,12.2,52,33114.35938,16.98,0.09,16.83026319,0.076002303,16.75426088
00:00:00,0.29350474,12.69097407,0.330412389,0.156109102,198.7681562637910000000,20.51404,,59.04,45137.76953,17.08,0.08,16.9238909,0.063237848,16.86065305
00:00:00,,13.73829102,0.367817614,0.161902437,200.9056545848760000000,21.61576,,62.33,58918.83203,17.88,0.07,17.71809756,0.043802375,17.67429519
00:00:00,,14.81114389,0.344901818,0.171401536,204.2788341615980000000,,,61.72,57750.17578,19.06,0.07,18.88859846,0.028349565,18.8602489
00:00:00,,,,,,,,65.17,35697.60547,,,,,